forward_seq,reverse_seq,Ct,product_size,polymerase
CACCATTGGCAATGAGCGGT,CGCTCAGGAGGAGCAATGAT,21.5,150,Standard_Taq
CACCATTGGCAATGAGCGGT,CGCTCAGGAGGAGCAATGAT,23.1,150,Standard_Taq
CACCATTGGCAATGAGCGGT,CGCTCAGGAGGAGCAATGAT,38.2,150,Standard_Taq
CACCATTGGCAATGAGCGGT,CGCTCAGGAGGAGCAATGAT,19.8,150,Standard_Taq
CACCATTGGCAATGAGCGGT,CGCTCAGGAGGAGCAATGAT,35.4,150,Standard_Taq
CACCATTGGCAATGAGCGGT,CGCTCAGGAGGAGCAATGAT,22.0,150,Standard_Taq
CACCATTGGCAATGAGCGGT,CGCTCAGGAGGAGCAATGAT,21.1,150,Standard_Taq
CACCATTGGCAATGAGCGGT,CGCTCAGGAGGAGCAATGAT,39.0,150,Standard_Taq
CACCATTGGCAATGAGCGGT,CGCTCAGGAGGAGCAATGAT,24.3,150,Standard_Taq
CACCATTGGCAATGAGCGGT,CGCTCAGGAGGAGCAATGAT,22.8,150,Standard_Taq
