forward_seq,reverse_seq,efficiency,ct_value,success_idx,polymerase,gene_name,accession,organism,source_db
ATTGGCAATGAGCGGTTCCG,GCGCTCAGGAGGAGCAATGA,0.95,23.0,0.97,unknown,ACTB,NM_001101,Homo sapiens,primerbank
GGAGCGAGATCCCTCCAAAT,GGCTGTTGTCATACTTCTCATGG,0.95,23.0,0.97,unknown,GAPDH,NM_002046,Homo sapiens,primerbank
ACCCCACTGAAAAAAGATGA,ATCTTTTCAGTGGGGGTGAATT,0.95,23.0,0.97,unknown,B2M,NM_004048,Homo sapiens,primerbank
TGACACTGGCAAAACAATGCA,GGTCCTTTTCACCAGCAAGCT,0.95,23.0,0.97,unknown,HPRT1,NM_000194,Homo sapiens,primerbank
GCTTCAGCTTGTGGGTCAGGA,ACTCGTTTGTACCCGTTGATGA,0.95,23.0,0.97,unknown,RPLP0,NM_001002,Homo sapiens,primerbank
CCCTCACCATCATCACACTGG,TGGGGCATCTCGAAGCATTT,0.95,23.0,0.97,unknown,TP53,NM_000546,Homo sapiens,primerbank
CACCAGCAGCGACTCTGAAG,GATCCGCTTGACAGTGGTTT,0.95,23.0,0.97,unknown,MYC,NM_002467,Homo sapiens,primerbank
AGCATGGTGAGGGAGGAAAT,CCTCACAGGACATAGCCATCC,0.95,23.0,0.97,unknown,EGFR,NM_005228,Homo sapiens,primerbank
GGCTGTATTCCCCTCCATCG,CCAGTTGGTAACAATGCCATGT,0.95,23.0,0.97,unknown,Actb,NM_007393,Mus musculus,primerbank
TGGCCTTCCGTGTTCCTACC,CTGGGGCCTCTCTTGCTCA,0.95,23.0,0.97,unknown,Gapdh,NM_008084,Mus musculus,primerbank
